hasbro , beads , 47.2879034567 , 151
beads , bedding , 44.2322892251 , 352
beads , antiques , 41.8323817419 , 161
hasbro , blogging , 38.7707980714 , 188
crafts , hasbro , 37.1486235565 , 52
hasbro , management , 36.1569477599 , 189
honeymoons , breastfeeding , 35.7601919835 , 49
diapering , management , 35.4957372518 , 107
hasbro , diapering , 35.463586232 , 249
hasbro , desserts , 35.1739783288 , 46
desserts , weddings , 34.6522830087 , 60
management , books , 34.4930405121 , 115
hasbro , books , 34.4617977062 , 206
management , perfume , 34.2253573443 , 161
hasbro , perfume , 34.194356998 , 311
minneapolis , breastfeeding , 34.0764369761 , 57
diapering , books , 33.8315868011 , 47
hasbro , bedding , 33.7899515487 , 530
diapering , perfume , 33.5690368434 , 731
books , desserts , 33.5553063695 , 62
perfume , desserts , 33.2949004854 , 55
fitness , weddings , 33.2290619236 , 49
pregnancy , books , 32.8769736057 , 56
perfume , books , 32.6207662508 , 78
desserts , oakville , 32.4563745679 , 120
blogging , honeymoons , 32.430655673 , 98
bedding , books , 32.2349711433 , 53
hasbro , antiques , 31.9566130759 , 297
podcasts , desserts , 31.6219425913 , 46
midwifery , minneapolis , 31.4254289877 , 61
thrillers , hasbro , 31.1988837936 , 117
honeymoons , kmart , 31.0938707895 , 118
crafts , honeymoons , 31.0737534231 , 74
dodge , management , 30.9565137831 , 55
hasbro , dodge , 30.9284742615 , 67
honeymoons , fitbit , 30.8462183254 , 66
thrillers , diapering , 30.6283425537 , 48
dodge , weddings , 30.4697476389 , 77
dodge , diapering , 30.3628780636 , 46
honeymoons , management , 30.2442451876 , 246
walmart , honeymoons , 30.2171546388 , 96
hasbro , honeymoons , 30.2168508184 , 576
dodge , desserts , 30.1149243065 , 175
antiques , bedding , 29.891664652 , 606
honeymoons , weddings , 29.7686788911 , 143
fedex , management , 29.6950289719 , 54
honeymoons , diapering , 29.6642682438 , 433
venezuela , honeymoons , 29.6353243594 , 46
coupons , honeymoons , 29.596495282 , 75
fitbit , chevron , 29.57390126 , 80
honeymoons , caracas , 29.5099523329 , 105
dodge , books , 29.5051762324 , 130
honeymoons , desserts , 29.4220195759 , 465
dodge , perfume , 29.2762013747 , 131
desserts , burgos , 29.1738736788 , 50
veganism , books , 28.9631752634 , 55
honeymoons , books , 28.8263010017 , 440
veganism , perfume , 28.7384066031 , 47
honeymoons , perfume , 28.6025945538 , 563
minneapolis , weddings , 28.3670319936 , 47
perfume , burgos , 28.3613597036 , 52
whatsapp , bedding , 28.3095998198 , 70
honeymoons , bedding , 28.2643210456 , 102
honeymoons , fitness , 28.2136132318 , 53
chevron , desserts , 28.2084465794 , 206
desserts , minneapolis , 28.0366950002 , 247
indiana , diapering , 27.7238674372 , 49
chevron , books , 27.637299669 , 58
perfume , chevron , 27.4228204635 , 82
honeymoons , antiques , 26.7307862281 , 47
oakville , minneapolis , 26.5694186883 , 94
podcasts , minneapolis , 25.8863364634 , 57
dodge , honeymoons , 25.8707777286 , 458
dodge , burgos , 25.6525830757 , 69
honeymoons , veganism , 25.395539537 , 89
journalism , dodge , 25.1489080776 , 71
honeymoons , burgos , 25.0623509376 , 129
honeymoons , fedex , 24.8165377911 , 82
dodge , chevron , 24.8036831613 , 168
honeymoons , dieting , 24.7639189405 , 59
journalism , honeymoons , 24.5702648376 , 55
honeymoons , drobo , 24.378948148 , 58
honeymoons , chevron , 24.2329830917 , 505
honeymoons , minneapolis , 24.0854367494 , 97
chevron , burgos , 24.0286016313 , 54
honeymoons , fishing , 23.4505909553 , 57
